model,image_preprocessing_pipeline,view_type,lesion_type,pr_auc,sensitivity,precision,specificity,f1_score,train_time_mins,infer_time_secs,peak_memory_used_MB
VGG16,CLAHE + Median Blur,CC-Only-View,Calcification-Only-Lesion,0.4683646559715271,0.4791666567325592,0.5476190447807312,0.6792452830188679,0.5111111042234633,4.750779521465302,0.3180047512054443,3287.4013671875
ResNet50,CLAHE + Median Blur,CC-Only-View,Calcification-Only-Lesion,0.5905371904373169,0.3333333432674408,0.6666666865348816,0.8301886792452831,0.4444444576899211,3.5582245866457622,0.8684351921081543,499.684814453125
DenseNet121,CLAHE + Median Blur,CC-Only-View,Calcification-Only-Lesion,0.4550549387931824,0.2708333432674408,0.5909090638160706,0.8773584905660378,0.3714285754184328,4.717410926024119,1.501000738143921,400.732666015625
MobileNetV2,CLAHE + Median Blur,CC-Only-View,Calcification-Only-Lesion,0.4755280911922455,0.25,0.4615384638309479,0.7452830188679245,0.324324324890329,3.934878079096477,0.6424135684967041,478.643798828125
EfficientNet-B0,CLAHE + Median Blur,CC-Only-View,Calcification-Only-Lesion,0.5532618165016174,0.4375,0.5833333134651184,0.7075471698113207,0.4999999927014719,3.895274563630422,1.3227657794952392,488.70361328125
VGG16,CLAHE + Median Blur,CC-Only-View,Mass-Only-Lesion,0.6776080131530762,0.517241358757019,0.6976743936538696,0.5483870967741935,0.5940593833397936,3.315736790498098,0.2700853943824768,3287.4013671875
ResNet50,CLAHE + Median Blur,CC-Only-View,Mass-Only-Lesion,0.7728825807571411,0.5862069129943848,0.8292682766914368,0.6290322580645161,0.6868686926704242,3.4200154066085817,1.1775742769241333,499.686767578125
DenseNet121,CLAHE + Median Blur,CC-Only-View,Mass-Only-Lesion,0.6123647689819336,0.3448275923728943,0.625,0.6935483870967742,0.4444444495660287,3.629800315697988,1.9236565828323364,400.7685546875
MobileNetV2,CLAHE + Median Blur,CC-Only-View,Mass-Only-Lesion,0.6682239174842834,0.3103448152542114,0.75,0.7419354838709677,0.4390243779045707,3.2524484833081564,0.7108815908432007,478.64697265625
EfficientNet-B0,CLAHE + Median Blur,CC-Only-View,Mass-Only-Lesion,0.722516655921936,0.43103447556495667,0.8064516186714172,0.5645161290322581,0.5617977480984082,3.2430882374445598,1.2114397287368774,487.746337890625
