model,image_preprocessing_pipeline,view_type,lesion_type,pr_auc,sensitivity,precision,specificity,f1_score
VGG16,Baseline,CC-Only-View,Unified,0.612273097038269,0.3207547068595886,0.7083333134651184,0.7738095238095238,0.4415584281074355
ResNet50,Baseline,CC-Only-View,Unified,0.6955201029777527,0.4433962404727936,0.7966101765632629,0.8154761904761905,0.5696969831088357
DenseNet121,Baseline,CC-Only-View,Unified,0.5782651901245117,0.5,0.6022727489471436,0.5357142857142857,0.5463917614967944
MobileNetV2,Baseline,CC-Only-View,Unified,0.5225020051002502,0.3113207519054413,0.5892857313156128,0.7202380952380952,0.4074074090699053
EfficientNet-B0,Baseline,CC-Only-View,Unified,0.593081533908844,0.2641509473323822,0.6222222447395325,0.4464285714285714,0.370860935031288
VGG16,Baseline,MLO-Only-View,Unified,0.580269455909729,0.2580645084381103,0.6530612111091614,0.8095238095238095,0.3699421864825073
ResNet50,Baseline,MLO-Only-View,Unified,0.6376779079437256,0.3951613008975982,0.720588207244873,0.746031746031746,0.5104166684517011
DenseNet121,Baseline,MLO-Only-View,Unified,0.5894750356674194,0.3870967626571655,0.6233766078948975,0.544973544973545,0.4776119269733632
MobileNetV2,Baseline,MLO-Only-View,Unified,0.5599043369293213,0.4112903177738189,0.6296296119689941,0.671957671957672,0.4975609665779327
EfficientNet-B0,Baseline,MLO-Only-View,Unified,0.5245863199234009,0.032258063554763794,1.0,0.8624338624338624,0.06249999819556251
